trial,testing,parameters,initial_deadline,final_deadline,net_reward,actions,success
1,False,"{'a': 0.9, 'e': 0.997}",25,0,-136.49711308868652,"{0: 14, 1: 1, 2: 8, 3: 1, 4: 1}",0
2,False,"{'a': 0.9, 'e': 0.994}",20,10,-10.97193342631775,"{0: 8, 1: 0, 2: 2, 3: 0, 4: 0}",1
3,False,"{'a': 0.9, 'e': 0.991}",35,21,10.876602411992867,"{0: 12, 1: 2, 2: 0, 3: 0, 4: 0}",1
4,False,"{'a': 0.9, 'e': 0.988}",25,0,-78.95790471453428,"{0: 17, 1: 2, 2: 5, 3: 0, 4: 1}",0
5,False,"{'a': 0.9, 'e': 0.985}",20,0,-104.24141676066944,"{0: 11, 1: 3, 2: 4, 3: 1, 4: 1}",0
6,False,"{'a': 0.9, 'e': 0.982}",25,0,-175.49312729963694,"{0: 13, 1: 2, 2: 6, 3: 2, 4: 2}",0
7,False,"{'a': 0.9, 'e': 0.979}",20,0,-128.0793052225587,"{0: 10, 1: 1, 2: 7, 3: 1, 4: 1}",0
8,False,"{'a': 0.9, 'e': 0.976}",30,1,-214.23209680568584,"{0: 14, 1: 2, 2: 10, 3: 0, 4: 3}",1
9,False,"{'a': 0.9, 'e': 0.973}",20,0,-113.37269458839671,"{0: 13, 1: 3, 2: 1, 3: 1, 4: 2}",0
10,False,"{'a': 0.9, 'e': 0.97}",20,0,-37.04187675014088,"{0: 14, 1: 2, 2: 4, 3: 0, 4: 0}",0
11,False,"{'a': 0.9, 'e': 0.967}",30,5,-135.9916943172078,"{0: 13, 1: 5, 2: 5, 3: 0, 4: 2}",1
12,False,"{'a': 0.9, 'e': 0.964}",30,18,-33.36082976248635,"{0: 7, 1: 1, 2: 4, 3: 0, 4: 0}",1
13,False,"{'a': 0.9, 'e': 0.961}",25,0,-123.49190289292436,"{0: 15, 1: 2, 2: 6, 3: 0, 4: 2}",0
14,False,"{'a': 0.9, 'e': 0.958}",30,0,-220.21583583484147,"{0: 14, 1: 2, 2: 9, 3: 3, 4: 2}",0
15,False,"{'a': 0.9, 'e': 0.955}",25,0,-74.62075509826262,"{0: 16, 1: 2, 2: 6, 3: 1, 4: 0}",0
16,False,"{'a': 0.9, 'e': 0.952}",20,0,-39.1826501321773,"{0: 13, 1: 3, 2: 4, 3: 0, 4: 0}",0
17,False,"{'a': 0.9, 'e': 0.949}",20,0,-76.48205668263031,"{0: 14, 1: 1, 2: 3, 3: 1, 4: 1}",0
18,False,"{'a': 0.9, 'e': 0.946}",25,0,-35.64155986197746,"{0: 21, 1: 1, 2: 2, 3: 0, 4: 1}",0
19,False,"{'a': 0.9, 'e': 0.943}",30,5,-105.81837185292245,"{0: 16, 1: 4, 2: 3, 3: 0, 4: 2}",1
20,False,"{'a': 0.9, 'e': 0.94}",20,0,-105.06696018586769,"{0: 9, 1: 5, 2: 5, 3: 0, 4: 1}",0
21,False,"{'a': 0.9, 'e': 0.9369999999999999}",25,0,-172.20010804661942,"{0: 15, 1: 1, 2: 6, 3: 0, 4: 3}",0
22,False,"{'a': 0.9, 'e': 0.9339999999999999}",25,0,-171.40419083078908,"{0: 15, 1: 1, 2: 6, 3: 0, 4: 3}",0
23,False,"{'a': 0.9, 'e': 0.9309999999999999}",25,0,-69.6401731786581,"{0: 16, 1: 4, 2: 3, 3: 2, 4: 0}",0
24,False,"{'a': 0.9, 'e': 0.9279999999999999}",20,0,-42.93667101890185,"{0: 14, 1: 1, 2: 5, 3: 0, 4: 0}",0
25,False,"{'a': 0.9, 'e': 0.9249999999999999}",25,0,-113.24217923631213,"{0: 16, 1: 0, 2: 7, 3: 1, 4: 1}",0
26,False,"{'a': 0.9, 'e': 0.9219999999999999}",20,0,-82.14720811802047,"{0: 15, 1: 2, 2: 1, 3: 0, 4: 2}",0
27,False,"{'a': 0.9, 'e': 0.9189999999999999}",25,0,-96.59980745973405,"{0: 15, 1: 4, 2: 5, 3: 0, 4: 1}",0
28,False,"{'a': 0.9, 'e': 0.9159999999999999}",30,0,-159.44587817450792,"{0: 17, 1: 3, 2: 8, 3: 0, 4: 2}",0
29,False,"{'a': 0.9, 'e': 0.9129999999999999}",20,0,-118.46459569862613,"{0: 12, 1: 1, 2: 5, 3: 0, 4: 2}",0
30,False,"{'a': 0.9, 'e': 0.9099999999999999}",25,0,-283.8975853050549,"{0: 13, 1: 0, 2: 6, 3: 0, 4: 6}",0
31,False,"{'a': 0.9, 'e': 0.9069999999999999}",20,0,-59.72792653066594,"{0: 14, 1: 2, 2: 3, 3: 0, 4: 1}",0
32,False,"{'a': 0.9, 'e': 0.9039999999999999}",25,0,-171.80064022619186,"{0: 15, 1: 2, 2: 4, 3: 1, 4: 3}",0
33,False,"{'a': 0.9, 'e': 0.9009999999999999}",30,0,-108.06462582766775,"{0: 19, 1: 4, 2: 5, 3: 1, 4: 1}",0
34,False,"{'a': 0.9, 'e': 0.8979999999999999}",20,0,-120.21340862468034,"{0: 13, 1: 1, 2: 3, 3: 1, 4: 2}",0
35,False,"{'a': 0.9, 'e': 0.8949999999999999}",20,0,-87.20427652305146,"{0: 11, 1: 4, 2: 2, 3: 3, 4: 0}",0
36,False,"{'a': 0.9, 'e': 0.8919999999999999}",25,0,-198.00155175859055,"{0: 11, 1: 4, 2: 7, 3: 0, 4: 3}",0
37,False,"{'a': 0.9, 'e': 0.8889999999999999}",25,0,-230.1480285189686,"{0: 10, 1: 0, 2: 12, 3: 0, 4: 3}",0
38,False,"{'a': 0.9, 'e': 0.8859999999999999}",20,0,-48.21215542726645,"{0: 15, 1: 3, 2: 1, 3: 0, 4: 1}",0
39,False,"{'a': 0.9, 'e': 0.8829999999999999}",20,0,-104.56779728595488,"{0: 12, 1: 2, 2: 3, 3: 2, 4: 1}",1
40,False,"{'a': 0.9, 'e': 0.8799999999999999}",20,5,-29.54676895343428,"{0: 9, 1: 3, 2: 3, 3: 0, 4: 0}",1
41,False,"{'a': 0.9, 'e': 0.8769999999999999}",25,11,-15.370230667713376,"{0: 11, 1: 0, 2: 3, 3: 0, 4: 0}",1
42,False,"{'a': 0.9, 'e': 0.8739999999999999}",25,0,-124.19316172627175,"{0: 14, 1: 3, 2: 6, 3: 1, 4: 1}",0
43,False,"{'a': 0.9, 'e': 0.8709999999999999}",20,0,-71.60870583051272,"{0: 14, 1: 3, 2: 0, 3: 2, 4: 1}",0
44,False,"{'a': 0.9, 'e': 0.8679999999999999}",25,0,-131.91649468176988,"{0: 16, 1: 1, 2: 5, 3: 1, 4: 2}",0
45,False,"{'a': 0.9, 'e': 0.8649999999999999}",25,0,-164.64164430481205,"{0: 17, 1: 1, 2: 2, 3: 2, 4: 3}",0
46,False,"{'a': 0.9, 'e': 0.8619999999999999}",20,0,-60.84883716360416,"{0: 10, 1: 5, 2: 5, 3: 0, 4: 0}",0
47,False,"{'a': 0.9, 'e': 0.8589999999999999}",25,0,-136.01003684763162,"{0: 14, 1: 2, 2: 6, 3: 2, 4: 1}",0
48,False,"{'a': 0.9, 'e': 0.8559999999999999}",25,0,-96.1654783467559,"{0: 16, 1: 1, 2: 7, 3: 0, 4: 1}",0
49,False,"{'a': 0.9, 'e': 0.8529999999999999}",20,0,-49.7902202751793,"{0: 16, 1: 2, 2: 0, 3: 1, 4: 1}",0
50,False,"{'a': 0.9, 'e': 0.8499999999999999}",20,0,-138.232382580276,"{0: 12, 1: 1, 2: 3, 3: 2, 4: 2}",0
51,False,"{'a': 0.9, 'e': 0.8469999999999999}",20,7,-147.00286738986296,"{0: 7, 1: 1, 2: 1, 3: 1, 4: 3}",1
52,False,"{'a': 0.9, 'e': 0.8439999999999999}",20,0,-63.071848549428,"{0: 13, 1: 3, 2: 2, 3: 2, 4: 0}",0
53,False,"{'a': 0.9, 'e': 0.8409999999999999}",35,0,-69.82531159124626,"{0: 26, 1: 2, 2: 5, 3: 2, 4: 0}",0
54,False,"{'a': 0.9, 'e': 0.8379999999999999}",20,0,-102.60952234419204,"{0: 11, 1: 1, 2: 7, 3: 0, 4: 1}",0
55,False,"{'a': 0.9, 'e': 0.8349999999999999}",25,0,-122.44064790314897,"{0: 17, 1: 0, 2: 5, 3: 1, 4: 2}",0
56,False,"{'a': 0.9, 'e': 0.8319999999999999}",25,0,-168.38167658429836,"{0: 16, 1: 1, 2: 4, 3: 1, 4: 3}",0
57,False,"{'a': 0.9, 'e': 0.8289999999999998}",25,0,-147.7886713000905,"{0: 14, 1: 5, 2: 2, 3: 2, 4: 2}",0
58,False,"{'a': 0.9, 'e': 0.8259999999999998}",25,0,-97.44171604173577,"{0: 16, 1: 1, 2: 7, 3: 0, 4: 1}",0
59,False,"{'a': 0.9, 'e': 0.8229999999999998}",20,0,-117.30313314859497,"{0: 13, 1: 1, 2: 1, 3: 4, 4: 1}",0
60,False,"{'a': 0.9, 'e': 0.8199999999999998}",20,0,-147.7289490247925,"{0: 11, 1: 4, 2: 2, 3: 0, 4: 3}",0
61,False,"{'a': 0.9, 'e': 0.8169999999999998}",20,0,-156.44630830159662,"{0: 10, 1: 0, 2: 7, 3: 1, 4: 2}",0
62,False,"{'a': 0.9, 'e': 0.8139999999999998}",20,0,-40.93827280468255,"{0: 15, 1: 2, 2: 1, 3: 2, 4: 0}",0
63,False,"{'a': 0.9, 'e': 0.8109999999999998}",20,0,-70.70690951962213,"{0: 13, 1: 2, 2: 4, 3: 0, 4: 1}",0
64,False,"{'a': 0.9, 'e': 0.8079999999999998}",35,0,-75.20131674968628,"{0: 27, 1: 3, 2: 3, 3: 1, 4: 1}",0
65,False,"{'a': 0.9, 'e': 0.8049999999999998}",25,8,-99.42175636575006,"{0: 8, 1: 1, 2: 7, 3: 0, 4: 1}",1
66,False,"{'a': 0.9, 'e': 0.8019999999999998}",20,1,-35.492272800992524,"{0: 13, 1: 4, 2: 1, 3: 1, 4: 0}",1
67,False,"{'a': 0.9, 'e': 0.7989999999999998}",25,0,-72.99789097312453,"{0: 19, 1: 0, 2: 5, 3: 0, 4: 1}",0
68,False,"{'a': 0.9, 'e': 0.7959999999999998}",20,0,-74.70107885361224,"{0: 11, 1: 3, 2: 5, 3: 1, 4: 0}",0
69,False,"{'a': 0.9, 'e': 0.7929999999999998}",30,0,-75.7766823130393,"{0: 20, 1: 0, 2: 10, 3: 0, 4: 0}",0
70,False,"{'a': 0.9, 'e': 0.7899999999999998}",30,0,-180.88232560485798,"{0: 17, 1: 2, 2: 7, 3: 2, 4: 2}",0
71,False,"{'a': 0.9, 'e': 0.7869999999999998}",20,11,-5.639814987090905,"{0: 7, 1: 0, 2: 2, 3: 0, 4: 0}",1
72,False,"{'a': 0.9, 'e': 0.7839999999999998}",20,0,-60.65348687713597,"{0: 11, 1: 4, 2: 5, 3: 0, 4: 0}",0
73,False,"{'a': 0.9, 'e': 0.7809999999999998}",30,16,-20.846827537325254,"{0: 10, 1: 2, 2: 1, 3: 1, 4: 0}",1
74,False,"{'a': 0.9, 'e': 0.7779999999999998}",20,0,-117.77188473443336,"{0: 12, 1: 2, 2: 2, 3: 3, 4: 1}",0
75,False,"{'a': 0.9, 'e': 0.7749999999999998}",25,0,-76.63956986199317,"{0: 14, 1: 4, 2: 6, 3: 1, 4: 0}",0
76,False,"{'a': 0.9, 'e': 0.7719999999999998}",30,0,-125.15908579364243,"{0: 21, 1: 3, 2: 3, 3: 1, 4: 2}",0
77,False,"{'a': 0.9, 'e': 0.7689999999999998}",20,0,-70.39056219342756,"{0: 13, 1: 3, 2: 3, 3: 0, 4: 1}",0
78,False,"{'a': 0.9, 'e': 0.7659999999999998}",20,0,-55.06359284656509,"{0: 14, 1: 3, 2: 2, 3: 0, 4: 1}",0
79,False,"{'a': 0.9, 'e': 0.7629999999999998}",20,8,-31.82230764783133,"{0: 7, 1: 1, 2: 4, 3: 0, 4: 0}",1
80,False,"{'a': 0.9, 'e': 0.7599999999999998}",25,0,-106.2782641285775,"{0: 17, 1: 2, 2: 4, 3: 0, 4: 2}",0
81,False,"{'a': 0.9, 'e': 0.7569999999999998}",20,0,-52.06416950417261,"{0: 13, 1: 2, 2: 4, 3: 1, 4: 0}",0
82,False,"{'a': 0.9, 'e': 0.7539999999999998}",35,6,-118.17066878837701,"{0: 20, 1: 1, 2: 6, 3: 0, 4: 2}",1
83,False,"{'a': 0.9, 'e': 0.7509999999999998}",25,0,-148.47952901182748,"{0: 15, 1: 4, 2: 2, 3: 2, 4: 2}",0
84,False,"{'a': 0.9, 'e': 0.7479999999999998}",20,0,-67.37705468182845,"{0: 14, 1: 1, 2: 4, 3: 0, 4: 1}",0
85,False,"{'a': 0.9, 'e': 0.7449999999999998}",25,18,6.6698837227857535,"{0: 6, 1: 1, 2: 0, 3: 0, 4: 0}",1
86,False,"{'a': 0.9, 'e': 0.7419999999999998}",25,0,-96.57838220544924,"{0: 16, 1: 2, 2: 5, 3: 1, 4: 1}",0
87,False,"{'a': 0.9, 'e': 0.7389999999999998}",20,6,-8.376463269270436,"{0: 10, 1: 3, 2: 1, 3: 0, 4: 0}",1
88,False,"{'a': 0.9, 'e': 0.7359999999999998}",20,0,-116.9768699642601,"{0: 13, 1: 2, 2: 2, 3: 1, 4: 2}",0
89,False,"{'a': 0.9, 'e': 0.7329999999999998}",25,0,-123.85148752253836,"{0: 17, 1: 1, 2: 4, 3: 1, 4: 2}",0
90,False,"{'a': 0.9, 'e': 0.7299999999999998}",20,8,-55.42116884430392,"{0: 7, 1: 2, 2: 2, 3: 0, 4: 1}",1
91,False,"{'a': 0.9, 'e': 0.7269999999999998}",20,0,-84.55929822846362,"{0: 16, 1: 0, 2: 2, 3: 0, 4: 2}",0
92,False,"{'a': 0.9, 'e': 0.7239999999999998}",20,0,-46.85840029500972,"{0: 13, 1: 1, 2: 6, 3: 0, 4: 0}",0
93,False,"{'a': 0.9, 'e': 0.7209999999999998}",25,0,-117.0063514666441,"{0: 14, 1: 3, 2: 6, 3: 1, 4: 1}",0
94,False,"{'a': 0.9, 'e': 0.7179999999999997}",20,0,-65.20292065233828,"{0: 14, 1: 2, 2: 3, 3: 0, 4: 1}",0
95,False,"{'a': 0.9, 'e': 0.7149999999999997}",20,0,-29.527993733910314,"{0: 15, 1: 2, 2: 2, 3: 1, 4: 0}",0
96,False,"{'a': 0.9, 'e': 0.7119999999999997}",25,0,-8.592810683845254,"{0: 21, 1: 2, 2: 1, 3: 1, 4: 0}",0
97,False,"{'a': 0.9, 'e': 0.7089999999999997}",25,0,-136.14845606768674,"{0: 19, 1: 0, 2: 2, 3: 1, 4: 3}",0
98,False,"{'a': 0.9, 'e': 0.7059999999999997}",20,0,-127.24458483207978,"{0: 12, 1: 2, 2: 3, 3: 1, 4: 2}",0
99,False,"{'a': 0.9, 'e': 0.7029999999999997}",30,0,-0.6578196271865857,"{0: 27, 1: 1, 2: 2, 3: 0, 4: 0}",0
100,False,"{'a': 0.9, 'e': 0.6999999999999997}",20,0,-139.2075543825247,"{0: 11, 1: 2, 2: 4, 3: 1, 4: 2}",0
101,False,"{'a': 0.9, 'e': 0.6969999999999997}",25,15,19.375586196501118,"{0: 10, 1: 0, 2: 0, 3: 0, 4: 0}",1
102,False,"{'a': 0.9, 'e': 0.6939999999999997}",20,3,4.722560366016501,"{0: 15, 1: 0, 2: 2, 3: 0, 4: 0}",1
103,False,"{'a': 0.9, 'e': 0.6909999999999997}",20,0,-141.7492404100349,"{0: 8, 1: 5, 2: 4, 3: 2, 4: 1}",0
104,False,"{'a': 0.9, 'e': 0.6879999999999997}",35,2,-166.43837712226036,"{0: 23, 1: 2, 2: 3, 3: 2, 4: 3}",1
105,False,"{'a': 0.9, 'e': 0.6849999999999997}",30,0,-76.37064961028305,"{0: 22, 1: 2, 2: 5, 3: 0, 4: 1}",1
106,False,"{'a': 0.9, 'e': 0.6819999999999997}",25,3,-59.52549909868977,"{0: 19, 1: 1, 2: 0, 3: 0, 4: 2}",1
107,False,"{'a': 0.9, 'e': 0.6789999999999997}",20,15,10.4864862473369,"{0: 5, 1: 0, 2: 0, 3: 0, 4: 0}",1
108,False,"{'a': 0.9, 'e': 0.6759999999999997}",35,0,-122.44673408027474,"{0: 21, 1: 5, 2: 7, 3: 1, 4: 1}",0
109,False,"{'a': 0.9, 'e': 0.6729999999999997}",20,0,-60.44633503072371,"{0: 14, 1: 2, 2: 3, 3: 0, 4: 1}",0
110,False,"{'a': 0.9, 'e': 0.6699999999999997}",30,21,-40.09985709181806,"{0: 7, 1: 0, 2: 1, 3: 0, 4: 1}",1
111,False,"{'a': 0.9, 'e': 0.6669999999999997}",20,12,-81.38601192927455,"{0: 5, 1: 0, 2: 1, 3: 0, 4: 2}",1
112,False,"{'a': 0.9, 'e': 0.6639999999999997}",20,0,-87.51050491532006,"{0: 13, 1: 0, 2: 5, 3: 1, 4: 1}",0
113,False,"{'a': 0.9, 'e': 0.6609999999999997}",20,8,-6.206154438653494,"{0: 10, 1: 0, 2: 2, 3: 0, 4: 0}",1
114,False,"{'a': 0.9, 'e': 0.6579999999999997}",20,0,-46.25306296103874,"{0: 16, 1: 0, 2: 3, 3: 0, 4: 1}",0
115,False,"{'a': 0.9, 'e': 0.6549999999999997}",25,7,-51.574570064706705,"{0: 14, 1: 0, 2: 3, 3: 0, 4: 1}",1
116,False,"{'a': 0.9, 'e': 0.6519999999999997}",25,0,-69.20429805356424,"{0: 18, 1: 1, 2: 5, 3: 0, 4: 1}",0
117,False,"{'a': 0.9, 'e': 0.6489999999999997}",20,10,-38.51070755193243,"{0: 5, 1: 0, 2: 5, 3: 0, 4: 0}",1
118,False,"{'a': 0.9, 'e': 0.6459999999999997}",30,17,-37.50933378838037,"{0: 8, 1: 2, 2: 2, 3: 1, 4: 0}",1
119,False,"{'a': 0.9, 'e': 0.6429999999999997}",25,0,-96.03837117497716,"{0: 15, 1: 3, 2: 6, 3: 0, 4: 1}",0
120,False,"{'a': 0.9, 'e': 0.6399999999999997}",20,0,-26.890915529359756,"{0: 14, 1: 3, 2: 3, 3: 0, 4: 0}",0
121,False,"{'a': 0.9, 'e': 0.6369999999999997}",25,15,9.086023301973198,"{0: 9, 1: 0, 2: 1, 3: 0, 4: 0}",1
122,False,"{'a': 0.9, 'e': 0.6339999999999997}",20,6,-109.02089005896248,"{0: 8, 1: 0, 2: 4, 3: 0, 4: 2}",1
123,False,"{'a': 0.9, 'e': 0.6309999999999997}",35,0,-125.70670385903549,"{0: 24, 1: 4, 2: 5, 3: 0, 4: 2}",0
124,False,"{'a': 0.9, 'e': 0.6279999999999997}",25,15,3.351922431762049,"{0: 8, 1: 2, 2: 0, 3: 0, 4: 0}",1
125,False,"{'a': 0.9, 'e': 0.6249999999999997}",30,0,-68.51171824349012,"{0: 23, 1: 3, 2: 2, 3: 1, 4: 1}",0
126,False,"{'a': 0.9, 'e': 0.6219999999999997}",30,0,-80.96136146881462,"{0: 22, 1: 2, 2: 4, 3: 1, 4: 1}",0
127,False,"{'a': 0.9, 'e': 0.6189999999999997}",30,0,-141.5318897515896,"{0: 21, 1: 0, 2: 6, 3: 1, 4: 2}",0
128,False,"{'a': 0.9, 'e': 0.6159999999999997}",30,7,-43.24505114077696,"{0: 18, 1: 2, 2: 2, 3: 0, 4: 1}",1
129,False,"{'a': 0.9, 'e': 0.6129999999999997}",30,3,-42.953561774424664,"{0: 19, 1: 1, 2: 7, 3: 0, 4: 0}",1
130,False,"{'a': 0.9, 'e': 0.6099999999999997}",25,0,-130.24500185475443,"{0: 15, 1: 3, 2: 4, 3: 1, 4: 2}",0
131,False,"{'a': 0.9, 'e': 0.6069999999999997}",20,0,-22.50669260780978,"{0: 16, 1: 0, 2: 4, 3: 0, 4: 0}",0
132,False,"{'a': 0.9, 'e': 0.6039999999999996}",20,4,4.409571075350665,"{0: 13, 1: 3, 2: 0, 3: 0, 4: 0}",1
133,False,"{'a': 0.9, 'e': 0.6009999999999996}",30,7,-24.746511526038596,"{0: 18, 1: 0, 2: 5, 3: 0, 4: 0}",1
134,False,"{'a': 0.9, 'e': 0.5979999999999996}",25,3,-12.174218442571902,"{0: 18, 1: 1, 2: 3, 3: 0, 4: 0}",1
135,False,"{'a': 0.9, 'e': 0.5949999999999996}",25,0,-95.7872980588656,"{0: 18, 1: 2, 2: 3, 3: 0, 4: 2}",0
136,False,"{'a': 0.9, 'e': 0.5919999999999996}",25,0,-58.06002318722042,"{0: 17, 1: 1, 2: 7, 3: 0, 4: 0}",0
137,False,"{'a': 0.9, 'e': 0.5889999999999996}",35,25,15.123240830206145,"{0: 10, 1: 0, 2: 0, 3: 0, 4: 0}",1
138,False,"{'a': 0.9, 'e': 0.5859999999999996}",25,0,-143.3874337269399,"{0: 17, 1: 4, 2: 0, 3: 1, 4: 3}",0
139,False,"{'a': 0.9, 'e': 0.5829999999999996}",35,5,-45.176551349577316,"{0: 23, 1: 2, 2: 4, 3: 1, 4: 0}",1
140,False,"{'a': 0.9, 'e': 0.5799999999999996}",20,0,-43.48532457446829,"{0: 12, 1: 4, 2: 4, 3: 0, 4: 0}",0
141,False,"{'a': 0.9, 'e': 0.5769999999999996}",25,11,-39.40911677239506,"{0: 10, 1: 2, 2: 1, 3: 0, 4: 1}",1
142,False,"{'a': 0.9, 'e': 0.5739999999999996}",25,9,-41.51466891550318,"{0: 13, 1: 0, 2: 2, 3: 0, 4: 1}",1
143,False,"{'a': 0.9, 'e': 0.5709999999999996}",25,0,-32.892548777719405,"{0: 21, 1: 2, 2: 1, 3: 0, 4: 1}",0
144,False,"{'a': 0.9, 'e': 0.5679999999999996}",20,12,7.34387193060401,"{0: 7, 1: 1, 2: 0, 3: 0, 4: 0}",1
145,False,"{'a': 0.9, 'e': 0.5649999999999996}",25,19,9.866805125470687,"{0: 6, 1: 0, 2: 0, 3: 0, 4: 0}",1
146,False,"{'a': 0.9, 'e': 0.5619999999999996}",30,10,-4.854593430364561,"{0: 15, 1: 3, 2: 2, 3: 0, 4: 0}",1
147,False,"{'a': 0.9, 'e': 0.5589999999999996}",20,9,-18.47754493978465,"{0: 8, 1: 1, 2: 2, 3: 0, 4: 0}",1
148,False,"{'a': 0.9, 'e': 0.5559999999999996}",20,6,-8.149475657546828,"{0: 11, 1: 1, 2: 2, 3: 0, 4: 0}",1
149,False,"{'a': 0.9, 'e': 0.5529999999999996}",25,0,-56.055287412757984,"{0: 19, 1: 2, 2: 3, 3: 0, 4: 1}",0
150,False,"{'a': 0.9, 'e': 0.5499999999999996}",25,0,-76.93474872094468,"{0: 18, 1: 2, 2: 3, 3: 1, 4: 1}",0
151,False,"{'a': 0.9, 'e': 0.5469999999999996}",20,0,-7.381125120087406,"{0: 17, 1: 0, 2: 3, 3: 0, 4: 0}",0
152,False,"{'a': 0.9, 'e': 0.5439999999999996}",25,5,6.423807577956526,"{0: 18, 1: 0, 2: 2, 3: 0, 4: 0}",1
153,False,"{'a': 0.9, 'e': 0.5409999999999996}",20,0,-50.49331220557674,"{0: 13, 1: 1, 2: 6, 3: 0, 4: 0}",0
154,False,"{'a': 0.9, 'e': 0.5379999999999996}",25,0,-102.79493710562745,"{0: 15, 1: 2, 2: 7, 3: 0, 4: 1}",0
155,False,"{'a': 0.9, 'e': 0.5349999999999996}",30,18,-15.08182608711638,"{0: 10, 1: 0, 2: 1, 3: 1, 4: 0}",1
156,False,"{'a': 0.9, 'e': 0.5319999999999996}",25,0,-68.43539650624061,"{0: 18, 1: 2, 2: 4, 3: 0, 4: 1}",0
157,False,"{'a': 0.9, 'e': 0.5289999999999996}",20,0,-102.03702439754665,"{0: 13, 1: 2, 2: 3, 3: 0, 4: 2}",0
158,False,"{'a': 0.9, 'e': 0.5259999999999996}",25,13,-43.23656134915761,"{0: 9, 1: 0, 2: 2, 3: 0, 4: 1}",1
159,False,"{'a': 0.9, 'e': 0.5229999999999996}",20,0,-63.3504581288029,"{0: 14, 1: 2, 2: 3, 3: 0, 4: 1}",0
160,False,"{'a': 0.9, 'e': 0.5199999999999996}",20,0,-99.14523787912066,"{0: 14, 1: 1, 2: 3, 3: 0, 4: 2}",0
161,False,"{'a': 0.9, 'e': 0.5169999999999996}",30,0,-94.96088175348565,"{0: 23, 1: 1, 2: 4, 3: 0, 4: 2}",0
162,False,"{'a': 0.9, 'e': 0.5139999999999996}",20,6,-30.331414888862593,"{0: 12, 1: 0, 2: 1, 3: 0, 4: 1}",1
163,False,"{'a': 0.9, 'e': 0.5109999999999996}",30,11,-13.95664515229105,"{0: 14, 1: 3, 2: 2, 3: 0, 4: 0}",1
164,False,"{'a': 0.9, 'e': 0.5079999999999996}",25,3,-44.49514229643948,"{0: 14, 1: 2, 2: 6, 3: 0, 4: 0}",1
165,False,"{'a': 0.9, 'e': 0.5049999999999996}",25,8,-5.983572259591696,"{0: 14, 1: 0, 2: 3, 3: 0, 4: 0}",1
166,False,"{'a': 0.9, 'e': 0.5019999999999996}",30,15,-14.512558926484566,"{0: 12, 1: 1, 2: 1, 3: 1, 4: 0}",1
167,False,"{'a': 0.9, 'e': 0.49899999999999956}",25,3,-41.57396447476441,"{0: 19, 1: 0, 2: 1, 3: 1, 4: 1}",1
168,False,"{'a': 0.9, 'e': 0.49599999999999955}",20,0,-19.967477989541457,"{0: 16, 1: 0, 2: 4, 3: 0, 4: 0}",0
169,False,"{'a': 0.9, 'e': 0.49299999999999955}",20,10,-49.86564441325762,"{0: 7, 1: 0, 2: 2, 3: 0, 4: 1}",1
170,False,"{'a': 0.9, 'e': 0.48999999999999955}",30,14,-65.6792522445215,"{0: 13, 1: 0, 2: 1, 3: 0, 4: 2}",1
171,False,"{'a': 0.9, 'e': 0.48699999999999954}",25,7,-23.114596633815538,"{0: 13, 1: 1, 2: 4, 3: 0, 4: 0}",1
172,False,"{'a': 0.9, 'e': 0.48399999999999954}",20,0,-14.687922901457501,"{0: 17, 1: 2, 2: 0, 3: 1, 4: 0}",0
173,False,"{'a': 0.9, 'e': 0.48099999999999954}",20,0,2.78624216205395,"{0: 18, 1: 0, 2: 2, 3: 0, 4: 0}",0
174,False,"{'a': 0.9, 'e': 0.47799999999999954}",25,16,4.0308949739814475,"{0: 8, 1: 0, 2: 1, 3: 0, 4: 0}",1
175,False,"{'a': 0.9, 'e': 0.47499999999999953}",25,0,-139.79873563157287,"{0: 17, 1: 1, 2: 4, 3: 0, 4: 3}",0
176,False,"{'a': 0.9, 'e': 0.47199999999999953}",20,3,13.88852151406623,"{0: 16, 1: 0, 2: 1, 3: 0, 4: 0}",1
177,False,"{'a': 0.9, 'e': 0.46899999999999953}",25,1,-38.90409313870474,"{0: 20, 1: 1, 2: 2, 3: 0, 4: 1}",1
178,False,"{'a': 0.9, 'e': 0.4659999999999995}",25,14,12.084562737459207,"{0: 10, 1: 1, 2: 0, 3: 0, 4: 0}",1
179,False,"{'a': 0.9, 'e': 0.4629999999999995}",25,0,-65.56434686070338,"{0: 20, 1: 0, 2: 3, 3: 1, 4: 1}",0
180,False,"{'a': 0.9, 'e': 0.4599999999999995}",30,6,-5.3456639521786595,"{0: 19, 1: 3, 2: 2, 3: 0, 4: 0}",1
181,False,"{'a': 0.9, 'e': 0.4569999999999995}",20,11,-0.6607182507474954,"{0: 7, 1: 1, 2: 1, 3: 0, 4: 0}",1
182,False,"{'a': 0.9, 'e': 0.4539999999999995}",20,14,0.04342171024565111,"{0: 5, 1: 0, 2: 1, 3: 0, 4: 0}",1
183,False,"{'a': 0.9, 'e': 0.4509999999999995}",25,0,-38.20894969623009,"{0: 19, 1: 1, 2: 4, 3: 1, 4: 0}",0
184,False,"{'a': 0.9, 'e': 0.4479999999999995}",25,0,14.10691360725939,"{0: 22, 1: 3, 2: 0, 3: 0, 4: 0}",1
185,False,"{'a': 0.9, 'e': 0.4449999999999995}",20,12,-12.149038565224128,"{0: 5, 1: 2, 2: 1, 3: 0, 4: 0}",1
186,False,"{'a': 0.9, 'e': 0.4419999999999995}",25,8,3.927230493364104,"{0: 15, 1: 0, 2: 2, 3: 0, 4: 0}",1
187,False,"{'a': 0.9, 'e': 0.4389999999999995}",35,15,-0.16157511047833895,"{0: 18, 1: 1, 2: 0, 3: 1, 4: 0}",1
188,False,"{'a': 0.9, 'e': 0.4359999999999995}",20,0,-47.60854897406247,"{0: 15, 1: 1, 2: 3, 3: 0, 4: 1}",0
189,False,"{'a': 0.9, 'e': 0.4329999999999995}",20,2,5.399016450768345,"{0: 16, 1: 1, 2: 1, 3: 0, 4: 0}",1
190,False,"{'a': 0.9, 'e': 0.4299999999999995}",35,0,-142.25656699911,"{0: 25, 1: 3, 2: 4, 3: 0, 4: 3}",0
191,False,"{'a': 0.9, 'e': 0.4269999999999995}",25,0,-96.22847647867833,"{0: 16, 1: 3, 2: 3, 3: 2, 4: 1}",1
192,False,"{'a': 0.9, 'e': 0.4239999999999995}",25,18,-28.670321716423658,"{0: 6, 1: 0, 2: 0, 3: 0, 4: 1}",1
193,False,"{'a': 0.9, 'e': 0.4209999999999995}",20,0,-71.70420300516909,"{0: 17, 1: 0, 2: 1, 3: 0, 4: 2}",0
194,False,"{'a': 0.9, 'e': 0.4179999999999995}",20,0,-50.34939728230248,"{0: 15, 1: 1, 2: 2, 3: 2, 4: 0}",0
195,False,"{'a': 0.9, 'e': 0.4149999999999995}",20,6,-44.74700870686722,"{0: 11, 1: 0, 2: 2, 3: 0, 4: 1}",1
196,False,"{'a': 0.9, 'e': 0.4119999999999995}",20,0,3.2500887647866055,"{0: 18, 1: 0, 2: 2, 3: 0, 4: 0}",0
197,False,"{'a': 0.9, 'e': 0.4089999999999995}",20,0,-15.834850800502457,"{0: 17, 1: 1, 2: 1, 3: 1, 4: 0}",0
198,False,"{'a': 0.9, 'e': 0.4059999999999995}",25,12,-4.014101272094257,"{0: 10, 1: 2, 2: 1, 3: 0, 4: 0}",1
199,False,"{'a': 0.9, 'e': 0.40299999999999947}",25,0,-59.78242899705882,"{0: 18, 1: 2, 2: 4, 3: 0, 4: 1}",0
200,False,"{'a': 0.9, 'e': 0.39999999999999947}",20,0,-28.97052289804272,"{0: 17, 1: 1, 2: 1, 3: 0, 4: 1}",0
201,False,"{'a': 0.9, 'e': 0.39699999999999946}",20,13,-9.826858423110743,"{0: 5, 1: 0, 2: 2, 3: 0, 4: 0}",1
202,False,"{'a': 0.9, 'e': 0.39399999999999946}",25,9,8.521357858377538,"{0: 14, 1: 1, 2: 1, 3: 0, 4: 0}",1
203,False,"{'a': 0.9, 'e': 0.39099999999999946}",20,6,7.160844681701504,"{0: 12, 1: 2, 2: 0, 3: 0, 4: 0}",1
204,False,"{'a': 0.9, 'e': 0.38799999999999946}",20,11,0.008362356039375518,"{0: 8, 1: 0, 2: 1, 3: 0, 4: 0}",1
205,False,"{'a': 0.9, 'e': 0.38499999999999945}",20,16,6.943039875310358,"{0: 4, 1: 0, 2: 0, 3: 0, 4: 0}",1
206,False,"{'a': 0.9, 'e': 0.38199999999999945}",20,11,15.672511842203281,"{0: 9, 1: 0, 2: 0, 3: 0, 4: 0}",1
207,False,"{'a': 0.9, 'e': 0.37899999999999945}",35,15,-52.8756882364459,"{0: 11, 1: 4, 2: 5, 3: 0, 4: 0}",1
208,False,"{'a': 0.9, 'e': 0.37599999999999945}",20,10,-6.044123076211324,"{0: 8, 1: 0, 2: 2, 3: 0, 4: 0}",1
209,False,"{'a': 0.9, 'e': 0.37299999999999944}",25,13,24.13655238298416,"{0: 12, 1: 0, 2: 0, 3: 0, 4: 0}",1
210,False,"{'a': 0.9, 'e': 0.36999999999999944}",25,18,-6.0654984071242355,"{0: 5, 1: 1, 2: 1, 3: 0, 4: 0}",1
211,False,"{'a': 0.9, 'e': 0.36699999999999944}",25,19,14.411362670082525,"{0: 6, 1: 0, 2: 0, 3: 0, 4: 0}",1
212,False,"{'a': 0.9, 'e': 0.36399999999999944}",20,0,18.95151445727869,"{0: 19, 1: 1, 2: 0, 3: 0, 4: 0}",0
213,False,"{'a': 0.9, 'e': 0.36099999999999943}",25,0,-20.43167828472881,"{0: 20, 1: 2, 2: 2, 3: 1, 4: 0}",0
214,False,"{'a': 0.9, 'e': 0.35799999999999943}",20,6,-23.017068582282487,"{0: 11, 1: 0, 2: 2, 3: 1, 4: 0}",1
215,False,"{'a': 0.9, 'e': 0.3549999999999994}",25,14,-57.0634269626643,"{0: 7, 1: 0, 2: 3, 3: 0, 4: 1}",1
216,False,"{'a': 0.9, 'e': 0.3519999999999994}",20,0,-48.685044502688406,"{0: 16, 1: 0, 2: 3, 3: 0, 4: 1}",0
217,False,"{'a': 0.9, 'e': 0.3489999999999994}",25,8,-15.074974504378858,"{0: 14, 1: 0, 2: 3, 3: 0, 4: 0}",1
218,False,"{'a': 0.9, 'e': 0.3459999999999994}",20,0,-0.4669943840973193,"{0: 17, 1: 1, 2: 2, 3: 0, 4: 0}",0
219,False,"{'a': 0.9, 'e': 0.3429999999999994}",20,0,10.411615885562478,"{0: 18, 1: 0, 2: 2, 3: 0, 4: 0}",1
220,False,"{'a': 0.9, 'e': 0.3399999999999994}",30,0,-39.020155627115265,"{0: 24, 1: 0, 2: 5, 3: 1, 4: 0}",0
221,False,"{'a': 0.9, 'e': 0.3369999999999994}",30,4,-49.519010974027644,"{0: 24, 1: 0, 2: 0, 3: 0, 4: 2}",1
222,False,"{'a': 0.9, 'e': 0.3339999999999994}",25,0,-20.890580532567327,"{0: 18, 1: 4, 2: 3, 3: 0, 4: 0}",0
223,False,"{'a': 0.9, 'e': 0.3309999999999994}",20,0,-16.468898238489327,"{0: 16, 1: 1, 2: 3, 3: 0, 4: 0}",0
224,False,"{'a': 0.9, 'e': 0.3279999999999994}",35,17,-26.64582876091004,"{0: 12, 1: 2, 2: 4, 3: 0, 4: 0}",1
225,False,"{'a': 0.9, 'e': 0.3249999999999994}",25,1,18.783211170670597,"{0: 22, 1: 1, 2: 1, 3: 0, 4: 0}",1
226,False,"{'a': 0.9, 'e': 0.3219999999999994}",35,25,-41.85844953030676,"{0: 7, 1: 1, 2: 1, 3: 0, 4: 1}",1
227,False,"{'a': 0.9, 'e': 0.3189999999999994}",30,3,-63.7382487348238,"{0: 21, 1: 1, 2: 3, 3: 1, 4: 1}",1
228,False,"{'a': 0.9, 'e': 0.3159999999999994}",20,0,-32.50096413093272,"{0: 17, 1: 0, 2: 2, 3: 0, 4: 1}",0
229,False,"{'a': 0.9, 'e': 0.3129999999999994}",30,0,-27.130001186891928,"{0: 26, 1: 1, 2: 1, 3: 2, 4: 0}",0
230,False,"{'a': 0.9, 'e': 0.3099999999999994}",20,2,-36.139993719742925,"{0: 14, 1: 1, 2: 2, 3: 0, 4: 1}",1
231,False,"{'a': 0.9, 'e': 0.3069999999999994}",35,11,-76.96225010697387,"{0: 19, 1: 1, 2: 2, 3: 0, 4: 2}",1
232,False,"{'a': 0.9, 'e': 0.3039999999999994}",25,10,-36.350855949266965,"{0: 12, 1: 0, 2: 2, 3: 0, 4: 1}",1
233,False,"{'a': 0.9, 'e': 0.3009999999999994}",25,5,-13.111379267743708,"{0: 18, 1: 1, 2: 0, 3: 0, 4: 1}",1
234,False,"{'a': 0.9, 'e': 0.2979999999999994}",25,8,-39.26797690160299,"{0: 14, 1: 0, 2: 2, 3: 0, 4: 1}",1
235,False,"{'a': 0.9, 'e': 0.2949999999999994}",20,9,-1.2320215302764834,"{0: 9, 1: 1, 2: 1, 3: 0, 4: 0}",1
236,False,"{'a': 0.9, 'e': 0.29199999999999937}",20,9,-6.416424542259815,"{0: 9, 1: 0, 2: 2, 3: 0, 4: 0}",1
237,False,"{'a': 0.9, 'e': 0.28899999999999937}",20,0,-71.00847554601145,"{0: 17, 1: 0, 2: 1, 3: 0, 4: 2}",0
238,False,"{'a': 0.9, 'e': 0.28599999999999937}",25,0,10.600377711181554,"{0: 22, 1: 1, 2: 2, 3: 0, 4: 0}",0
239,False,"{'a': 0.9, 'e': 0.28299999999999936}",25,0,26.663467816384347,"{0: 24, 1: 1, 2: 0, 3: 0, 4: 0}",0
240,False,"{'a': 0.9, 'e': 0.27999999999999936}",25,8,5.524743562644256,"{0: 15, 1: 1, 2: 1, 3: 0, 4: 0}",1
241,False,"{'a': 0.9, 'e': 0.27699999999999936}",25,8,-7.33159794591311,"{0: 14, 1: 1, 2: 2, 3: 0, 4: 0}",1
242,False,"{'a': 0.9, 'e': 0.27399999999999936}",20,0,17.45674875128601,"{0: 19, 1: 1, 2: 0, 3: 0, 4: 0}",0
243,False,"{'a': 0.9, 'e': 0.27099999999999935}",20,12,-28.362301478519004,"{0: 7, 1: 0, 2: 0, 3: 0, 4: 1}",1
244,False,"{'a': 0.9, 'e': 0.26799999999999935}",25,13,13.08085527161005,"{0: 11, 1: 1, 2: 0, 3: 0, 4: 0}",1
245,False,"{'a': 0.9, 'e': 0.26499999999999935}",20,0,-18.688621626069335,"{0: 19, 1: 0, 2: 0, 3: 0, 4: 1}",0
246,False,"{'a': 0.9, 'e': 0.26199999999999934}",25,13,7.442868092975731,"{0: 11, 1: 0, 2: 1, 3: 0, 4: 0}",1
247,False,"{'a': 0.9, 'e': 0.25899999999999934}",20,13,12.523434818005441,"{0: 7, 1: 0, 2: 0, 3: 0, 4: 0}",1
248,False,"{'a': 0.9, 'e': 0.25599999999999934}",30,20,-5.476615951716352,"{0: 8, 1: 0, 2: 2, 3: 0, 4: 0}",1
249,False,"{'a': 0.9, 'e': 0.25299999999999934}",20,0,20.63212760479011,"{0: 18, 1: 2, 2: 0, 3: 0, 4: 0}",0
250,False,"{'a': 0.9, 'e': 0.24999999999999933}",20,0,10.791806591330706,"{0: 18, 1: 2, 2: 0, 3: 0, 4: 0}",0
251,False,"{'a': 0.9, 'e': 0.24699999999999933}",25,11,-4.862195575369414,"{0: 11, 1: 1, 2: 2, 3: 0, 4: 0}",1
252,False,"{'a': 0.9, 'e': 0.24399999999999933}",20,2,16.227375264603026,"{0: 17, 1: 0, 2: 1, 3: 0, 4: 0}",1
253,False,"{'a': 0.9, 'e': 0.24099999999999933}",30,18,-38.13829192898959,"{0: 9, 1: 1, 2: 1, 3: 0, 4: 1}",1
254,False,"{'a': 0.9, 'e': 0.23799999999999932}",20,11,16.321312885530652,"{0: 9, 1: 0, 2: 0, 3: 0, 4: 0}",1
255,False,"{'a': 0.9, 'e': 0.23499999999999932}",30,0,-3.3412340732512815,"{0: 26, 1: 0, 2: 4, 3: 0, 4: 0}",0
256,False,"{'a': 0.9, 'e': 0.23199999999999932}",25,10,-16.450944608663548,"{0: 14, 1: 0, 2: 0, 3: 0, 4: 1}",1
257,False,"{'a': 0.9, 'e': 0.22899999999999932}",30,17,24.659832712864592,"{0: 13, 1: 0, 2: 0, 3: 0, 4: 0}",1
258,False,"{'a': 0.9, 'e': 0.2259999999999993}",30,0,3.4130532032782526,"{0: 27, 1: 0, 2: 3, 3: 0, 4: 0}",0
259,False,"{'a': 0.9, 'e': 0.2229999999999993}",20,11,-29.339895466437216,"{0: 8, 1: 0, 2: 0, 3: 0, 4: 1}",1
260,False,"{'a': 0.9, 'e': 0.2199999999999993}",20,2,8.610716860224157,"{0: 17, 1: 0, 2: 1, 3: 0, 4: 0}",1
261,False,"{'a': 0.9, 'e': 0.2169999999999993}",30,0,27.061095127887224,"{0: 27, 1: 2, 2: 1, 3: 0, 4: 0}",1
262,False,"{'a': 0.9, 'e': 0.2139999999999993}",30,12,11.776578581378104,"{0: 16, 1: 1, 2: 1, 3: 0, 4: 0}",1
263,False,"{'a': 0.9, 'e': 0.2109999999999993}",30,1,29.833305481777604,"{0: 28, 1: 0, 2: 1, 3: 0, 4: 0}",1
264,False,"{'a': 0.9, 'e': 0.2079999999999993}",30,17,-7.491705304867679,"{0: 10, 1: 1, 2: 2, 3: 0, 4: 0}",1
265,False,"{'a': 0.9, 'e': 0.2049999999999993}",20,14,12.709767630867209,"{0: 6, 1: 0, 2: 0, 3: 0, 4: 0}",1
266,False,"{'a': 0.9, 'e': 0.2019999999999993}",20,3,17.46257178997984,"{0: 16, 1: 0, 2: 1, 3: 0, 4: 0}",1
267,False,"{'a': 0.9, 'e': 0.1989999999999993}",30,18,26.3559910895314,"{0: 12, 1: 0, 2: 0, 3: 0, 4: 0}",1
268,False,"{'a': 0.9, 'e': 0.19599999999999929}",25,7,16.27113343000104,"{0: 17, 1: 0, 2: 1, 3: 0, 4: 0}",1
269,False,"{'a': 0.9, 'e': 0.19299999999999928}",20,0,-8.962873480134666,"{0: 19, 1: 0, 2: 0, 3: 0, 4: 1}",0
270,False,"{'a': 0.9, 'e': 0.18999999999999928}",30,23,15.83059908631689,"{0: 7, 1: 0, 2: 0, 3: 0, 4: 0}",1
271,False,"{'a': 0.9, 'e': 0.18699999999999928}",20,13,11.521630716333881,"{0: 7, 1: 0, 2: 0, 3: 0, 4: 0}",1
272,False,"{'a': 0.9, 'e': 0.18399999999999928}",20,6,11.201118895027765,"{0: 13, 1: 0, 2: 1, 3: 0, 4: 0}",1
273,False,"{'a': 0.9, 'e': 0.18099999999999927}",20,6,-30.634793127960542,"{0: 12, 1: 0, 2: 1, 3: 0, 4: 1}",1
274,False,"{'a': 0.9, 'e': 0.17799999999999927}",20,14,11.100635768389818,"{0: 6, 1: 0, 2: 0, 3: 0, 4: 0}",1
275,False,"{'a': 0.9, 'e': 0.17499999999999927}",30,5,16.878536110109163,"{0: 24, 1: 0, 2: 0, 3: 1, 4: 0}",1
276,False,"{'a': 0.9, 'e': 0.17199999999999926}",30,20,15.887555271863357,"{0: 10, 1: 0, 2: 0, 3: 0, 4: 0}",1
277,False,"{'a': 0.9, 'e': 0.16899999999999926}",30,18,-23.721598661895193,"{0: 11, 1: 0, 2: 0, 3: 0, 4: 1}",1
278,False,"{'a': 0.9, 'e': 0.16599999999999926}",20,9,-2.922896472523507,"{0: 10, 1: 0, 2: 0, 3: 1, 4: 0}",1
279,False,"{'a': 0.9, 'e': 0.16299999999999926}",20,5,0.40287350396573673,"{0: 13, 1: 0, 2: 2, 3: 0, 4: 0}",1
280,False,"{'a': 0.9, 'e': 0.15999999999999925}",25,0,8.613214997242919,"{0: 23, 1: 1, 2: 0, 3: 1, 4: 0}",0
281,False,"{'a': 0.9, 'e': 0.15699999999999925}",20,12,-29.948747323985664,"{0: 7, 1: 0, 2: 0, 3: 0, 4: 1}",1
282,False,"{'a': 0.9, 'e': 0.15399999999999925}",20,6,6.679652427438008,"{0: 12, 1: 1, 2: 1, 3: 0, 4: 0}",1
283,False,"{'a': 0.9, 'e': 0.15099999999999925}",20,10,6.3101109555612585,"{0: 9, 1: 1, 2: 0, 3: 0, 4: 0}",1
284,False,"{'a': 0.9, 'e': 0.14799999999999924}",25,0,-3.4071720609018916,"{0: 22, 1: 0, 2: 2, 3: 1, 4: 0}",0
285,False,"{'a': 0.9, 'e': 0.14499999999999924}",20,0,31.226282748043456,"{0: 20, 1: 0, 2: 0, 3: 0, 4: 0}",0
286,False,"{'a': 0.9, 'e': 0.14199999999999924}",25,10,8.732355520237492,"{0: 13, 1: 0, 2: 2, 3: 0, 4: 0}",1
287,False,"{'a': 0.9, 'e': 0.13899999999999924}",20,6,-1.886808755632878,"{0: 12, 1: 0, 2: 2, 3: 0, 4: 0}",1
288,False,"{'a': 0.9, 'e': 0.13599999999999923}",25,9,16.447059077800514,"{0: 15, 1: 1, 2: 0, 3: 0, 4: 0}",1
289,False,"{'a': 0.9, 'e': 0.13299999999999923}",20,6,-0.6514750269356895,"{0: 13, 1: 0, 2: 0, 3: 1, 4: 0}",1
290,False,"{'a': 0.9, 'e': 0.12999999999999923}",25,7,23.895933615808076,"{0: 18, 1: 0, 2: 0, 3: 0, 4: 0}",1
291,False,"{'a': 0.9, 'e': 0.12699999999999922}",30,11,33.72354836408697,"{0: 19, 1: 0, 2: 0, 3: 0, 4: 0}",1
292,False,"{'a': 0.9, 'e': 0.12399999999999922}",20,0,27.965050582336808,"{0: 19, 1: 1, 2: 0, 3: 0, 4: 0}",0
293,False,"{'a': 0.9, 'e': 0.12099999999999922}",25,14,18.222332195124913,"{0: 11, 1: 0, 2: 0, 3: 0, 4: 0}",1
294,False,"{'a': 0.9, 'e': 0.11799999999999922}",20,0,18.289905007813715,"{0: 19, 1: 0, 2: 1, 3: 0, 4: 0}",0
295,False,"{'a': 0.9, 'e': 0.11499999999999921}",20,10,-15.305063595332474,"{0: 8, 1: 0, 2: 1, 3: 1, 4: 0}",1
296,False,"{'a': 0.9, 'e': 0.11199999999999921}",25,9,-18.32172116452054,"{0: 15, 1: 0, 2: 0, 3: 0, 4: 1}",1
297,False,"{'a': 0.9, 'e': 0.10899999999999921}",25,10,25.44534511170988,"{0: 15, 1: 0, 2: 0, 3: 0, 4: 0}",1
298,False,"{'a': 0.9, 'e': 0.1059999999999992}",25,8,32.32122188506293,"{0: 17, 1: 0, 2: 0, 3: 0, 4: 0}",1
299,False,"{'a': 0.9, 'e': 0.1029999999999992}",25,11,19.113131294720805,"{0: 14, 1: 0, 2: 0, 3: 0, 4: 0}",1
300,False,"{'a': 0.9, 'e': 0.0999999999999992}",20,3,28.95171761950017,"{0: 17, 1: 0, 2: 0, 3: 0, 4: 0}",1
301,False,"{'a': 0.9, 'e': 0.0969999999999992}",30,15,30.54703194110231,"{0: 15, 1: 0, 2: 0, 3: 0, 4: 0}",1
302,False,"{'a': 0.9, 'e': 0.0939999999999992}",20,8,15.99272928865237,"{0: 12, 1: 0, 2: 0, 3: 0, 4: 0}",1
303,False,"{'a': 0.9, 'e': 0.09099999999999919}",20,8,16.461162252775882,"{0: 11, 1: 1, 2: 0, 3: 0, 4: 0}",1
304,False,"{'a': 0.9, 'e': 0.08799999999999919}",20,12,8.900796138629701,"{0: 7, 1: 1, 2: 0, 3: 0, 4: 0}",1
305,False,"{'a': 0.9, 'e': 0.08499999999999919}",25,9,21.575972653204396,"{0: 15, 1: 1, 2: 0, 3: 0, 4: 0}",1
306,False,"{'a': 0.9, 'e': 0.08199999999999918}",20,10,18.928878194147387,"{0: 10, 1: 0, 2: 0, 3: 0, 4: 0}",1
307,False,"{'a': 0.9, 'e': 0.07899999999999918}",20,15,8.752586238297484,"{0: 5, 1: 0, 2: 0, 3: 0, 4: 0}",1
308,False,"{'a': 0.9, 'e': 0.07599999999999918}",20,10,-25.263962380964312,"{0: 9, 1: 0, 2: 0, 3: 0, 4: 1}",1
309,False,"{'a': 0.9, 'e': 0.07299999999999918}",25,14,-21.397353120447875,"{0: 10, 1: 0, 2: 0, 3: 0, 4: 1}",1
310,False,"{'a': 0.9, 'e': 0.06999999999999917}",20,2,20.560399627267625,"{0: 18, 1: 0, 2: 0, 3: 0, 4: 0}",1
311,False,"{'a': 0.9, 'e': 0.06699999999999917}",30,8,23.322164899750387,"{0: 21, 1: 0, 2: 1, 3: 0, 4: 0}",1
312,False,"{'a': 0.9, 'e': 0.06399999999999917}",20,8,15.869009200068618,"{0: 12, 1: 0, 2: 0, 3: 0, 4: 0}",1
313,False,"{'a': 0.9, 'e': 0.060999999999999166}",30,0,53.95779274982674,"{0: 30, 1: 0, 2: 0, 3: 0, 4: 0}",0
314,False,"{'a': 0.9, 'e': 0.05799999999999916}",30,19,18.869444441386023,"{0: 11, 1: 0, 2: 0, 3: 0, 4: 0}",1
315,False,"{'a': 0.9, 'e': 0.05499999999999916}",20,7,10.62877049698776,"{0: 12, 1: 0, 2: 1, 3: 0, 4: 0}",1
316,False,"{'a': 0.9, 'e': 0.05199999999999916}",20,3,31.798350376128507,"{0: 17, 1: 0, 2: 0, 3: 0, 4: 0}",1
317,False,"{'a': 0.9, 'e': 0.048999999999999155}",25,14,21.723916243368787,"{0: 11, 1: 0, 2: 0, 3: 0, 4: 0}",1
1,True,"{'a': 0, 'e': 0}",35,21,23.814888585826843,"{0: 14, 1: 0, 2: 0, 3: 0, 4: 0}",1
2,True,"{'a': 0, 'e': 0}",30,16,28.32323645120165,"{0: 14, 1: 0, 2: 0, 3: 0, 4: 0}",1
3,True,"{'a': 0, 'e': 0}",20,10,19.171014267384518,"{0: 10, 1: 0, 2: 0, 3: 0, 4: 0}",1
4,True,"{'a': 0, 'e': 0}",25,13,19.74880836167513,"{0: 12, 1: 0, 2: 0, 3: 0, 4: 0}",1
5,True,"{'a': 0, 'e': 0}",20,8,19.884151453903137,"{0: 12, 1: 0, 2: 0, 3: 0, 4: 0}",1
6,True,"{'a': 0, 'e': 0}",25,8,27.2833073984629,"{0: 17, 1: 0, 2: 0, 3: 0, 4: 0}",1
7,True,"{'a': 0, 'e': 0}",25,20,9.430333738249908,"{0: 5, 1: 0, 2: 0, 3: 0, 4: 0}",1
8,True,"{'a': 0, 'e': 0}",20,3,28.397499021531313,"{0: 17, 1: 0, 2: 0, 3: 0, 4: 0}",1
9,True,"{'a': 0, 'e': 0}",20,0,32.49099715305651,"{0: 20, 1: 0, 2: 0, 3: 0, 4: 0}",0
10,True,"{'a': 0, 'e': 0}",20,7,24.365835970858004,"{0: 13, 1: 0, 2: 0, 3: 0, 4: 0}",1
